kode,provinsi,pulau,tahun,ipm,uhh,hls,rls,pengeluaran,miskin,tpt,tpak,gini,sanitasi,air_minum
11,Aceh,Sumatera,2021,71.383,69.572,12.316,8.589,11223.403,10.025,4.819,68.56,0.363,79.548,89.68
11,Aceh,Sumatera,2022,72.706,69.681,12.637,8.504,11085.094,9.658,5.393,67.474,0.35,80.245,90.385
11,Aceh,Sumatera,2023,73.207,69.855,12.796,8.854,11350.384,10.409,3.593,68.237,0.352,85.103,91.451
11,Aceh,Sumatera,2024,74.555,69.834,12.853,8.602,11739.915,9.604,5.289,68.311,0.358,81.948,93.166
11,Aceh,Sumatera,2025,75.138,70.516,13.128,8.658,13095.81,10.891,5.757,69.868,0.358,86.789,91.136
12,Sumatera Utara,Sumatera,2021,73.291,70.413,13.043,9.013,11805.546,8.209,3.997,65.779,0.357,82.174,93.34
12,Sumatera Utara,Sumatera,2022,73.863,70.777,12.867,8.945,11690.726,8.081,6.729,66.743,0.387,86.11,91.971
12,Sumatera Utara,Sumatera,2023,74.639,71.286,13.073,9.249,12348.322,8.234,4.919,69.133,0.359,85.072,92.706
12,Sumatera Utara,Sumatera,2024,75.359,71.303,13.238,8.826,12268.161,7.131,4.406,73.283,0.369,88.101,92.205
12,Sumatera Utara,Sumatera,2025,76.081,70.713,13.196,9.362,13075.15,8.438,4.278,68.109,0.38,89.775,96.322
13,Sumatera Barat,Sumatera,2021,73.779,70.314,13.217,8.948,12490.488,9.099,3.807,70.312,0.389,86.921,94.478
13,Sumatera Barat,Sumatera,2022,74.717,70.996,13.406,9.248,13286.632,7.927,6.061,67.695,0.365,83.126,91.948
13,Sumatera Barat,Sumatera,2023,76.027,70.961,13.232,9.556,13396.379,8.575,3.508,62.25,0.396,85.566,94.536
13,Sumatera Barat,Sumatera,2024,76.587,71.315,13.583,9.572,13593.005,7.182,4.372,65.66,0.375,89.39,93.922
13,Sumatera Barat,Sumatera,2025,77.64,71.372,13.332,9.102,13873.886,7.346,4.559,75.695,0.389,88.916,99.5
14,Riau,Sumatera,2021,73.732,71.237,13.311,8.908,12988.372,8.313,5.314,66.711,0.394,84.278,90.131
14,Riau,Sumatera,2022,75.47,71.072,13.257,9.428,13197.772,8.18,5.563,66.581,0.387,89.42,94.733
14,Riau,Sumatera,2023,75.618,70.276,13.384,9.257,12970.656,7.967,4.639,68.91,0.36,85.481,94.956
14,Riau,Sumatera,2024,76.53,71.642,13.375,9.402,13412.623,7.295,4.431,70.724,0.372,91.173,96.155
14,Riau,Sumatera,2025,77.342,71.657,13.455,9.57,13323.758,6.937,4.058,66.747,0.371,87.698,94.345
15,Jambi,Sumatera,2021,72.285,70.065,12.816,8.629,11880.145,9.037,4.294,66.295,0.358,82.608,90.379
15,Jambi,Sumatera,2022,74.349,70.91,13.172,9.122,11624.026,9.254,5.435,69.291,0.398,89.276,92.969
15,Jambi,Sumatera,2023,74.761,70.313,12.832,9.015,12323.529,7.752,4.438,69.0,0.383,85.185,91.896
15,Jambi,Sumatera,2024,75.302,70.902,12.876,9.135,13416.614,8.739,3.047,68.336,0.351,82.942,94.089
15,Jambi,Sumatera,2025,76.131,70.844,12.787,8.92,13006.769,7.969,4.771,71.908,0.368,88.738,93.693
16,Sumatera Selatan,Sumatera,2021,72.301,69.927,12.944,8.446,11899.363,10.386,5.032,68.637,0.353,86.721,91.468
16,Sumatera Selatan,Sumatera,2022,73.369,70.217,12.918,8.602,11899.142,8.646,5.248,66.304,0.381,82.959,91.203
16,Sumatera Selatan,Sumatera,2023,75.284,70.641,12.94,8.807,11736.293,9.551,6.042,68.161,0.39,84.175,88.94
16,Sumatera Selatan,Sumatera,2024,74.639,70.283,12.909,8.994,12074.859,8.552,4.579,66.167,0.359,85.774,93.709
16,Sumatera Selatan,Sumatera,2025,75.459,70.575,12.979,9.043,12509.944,8.1,3.992,65.286,0.368,85.68,95.575
17,Bengkulu,Sumatera,2021,72.293,70.137,12.857,8.432,11062.868,9.233,5.596,66.567,0.362,76.2,89.405
17,Bengkulu,Sumatera,2022,73.425,70.333,12.914,8.651,11720.495,9.699,4.678,62.242,0.382,81.045,92.863
17,Bengkulu,Sumatera,2023,74.778,70.629,13.036,9.079,11714.256,9.052,4.815,65.582,0.394,83.239,90.503
17,Bengkulu,Sumatera,2024,75.007,70.909,12.86,8.81,12576.438,7.745,3.705,65.904,0.365,85.315,95.166
17,Bengkulu,Sumatera,2025,76.063,70.807,12.966,9.131,12849.94,8.835,5.443,65.48,0.343,86.756,93.319
18,Lampung,Sumatera,2021,72.215,69.57,12.665,8.574,11464.395,10.649,3.1,63.778,0.386,82.216,90.49
18,Lampung,Sumatera,2022,72.786,69.808,12.78,8.449,11014.443,8.884,4.955,69.493,0.388,82.944,90.809
18,Lampung,Sumatera,2023,74.375,69.917,12.656,8.609,11816.322,10.464,4.336,71.168,0.362,84.383,91.922
18,Lampung,Sumatera,2024,74.713,70.575,12.747,9.008,12493.347,8.529,4.905,65.217,0.369,82.258,92.778
18,Lampung,Sumatera,2025,76.486,70.991,13.01,8.755,12583.09,9.361,4.17,68.223,0.348,84.089,89.727
19,Kepulauan Bangka Belitung,Sumatera,2021,74.466,70.892,13.209,8.9,11738.767,8.556,4.277,65.875,0.377,85.22,91.829
19,Kepulauan Bangka Belitung,Sumatera,2022,74.19,70.654,13.151,9.213,11988.491,7.756,4.504,67.903,0.369,90.057,93.5
19,Kepulauan Bangka Belitung,Sumatera,2023,74.906,70.585,13.174,9.352,12917.468,6.46,3.211,68.607,0.389,87.682,93.924
19,Kepulauan Bangka Belitung,Sumatera,2024,76.529,71.727,13.149,9.296,12814.916,6.904,4.78,64.741,0.378,89.228,95.792
19,Kepulauan Bangka Belitung,Sumatera,2025,76.44,71.664,13.281,9.553,13190.037,6.584,4.5,66.16,0.36,91.62,95.946
20,Kepulauan Riau,Sumatera,2021,74.855,71.974,13.534,9.687,14265.397,7.585,5.186,66.16,0.374,89.095,97.034
20,Kepulauan Riau,Sumatera,2022,77.406,71.875,13.841,9.829,14160.589,7.992,4.832,68.981,0.395,91.112,95.451
20,Kepulauan Riau,Sumatera,2023,77.869,72.996,13.765,9.929,14218.479,6.729,4.343,70.236,0.397,90.696,97.627
20,Kepulauan Riau,Sumatera,2024,79.236,72.861,14.06,10.023,14010.295,5.874,2.971,69.553,0.383,94.644,98.594
20,Kepulauan Riau,Sumatera,2025,79.397,72.916,13.697,9.839,15270.684,6.185,3.959,71.006,0.4,93.068,96.691
21,DKI Jakarta,Jawa,2021,78.479,73.182,14.259,10.028,15031.587,3.799,4.718,67.882,0.386,97.098,99.5
21,DKI Jakarta,Jawa,2022,79.497,73.367,14.364,10.736,15609.2,4.718,5.049,72.471,0.413,98.765,99.5
21,DKI Jakarta,Jawa,2023,79.989,74.186,14.464,10.259,15751.84,3.626,3.947,68.726,0.41,99.0,99.5
21,DKI Jakarta,Jawa,2024,80.405,74.117,14.484,10.568,15436.453,3.905,3.018,67.245,0.413,99.0,99.5
21,DKI Jakarta,Jawa,2025,81.558,74.183,14.622,10.786,16296.416,3.885,4.277,69.191,0.409,98.491,99.5
22,Banten,Jawa,2021,74.601,71.247,13.607,9.197,12878.261,6.953,4.581,66.541,0.408,86.169,93.679
22,Banten,Jawa,2022,75.786,71.647,13.138,9.346,13298.609,7.341,4.968,68.762,0.363,87.073,94.331
22,Banten,Jawa,2023,75.865,71.812,13.55,9.391,13219.563,7.968,4.474,69.384,0.371,88.965,96.597
22,Banten,Jawa,2024,77.197,71.794,13.451,9.48,13320.585,6.739,3.69,65.036,0.382,90.312,93.704
22,Banten,Jawa,2025,77.382,72.024,13.066,9.578,14043.353,6.939,3.414,64.943,0.388,89.05,97.511
23,Jawa Barat,Jawa,2021,73.83,70.696,13.244,9.208,12445.071,7.953,3.28,70.478,0.379,85.457,94.763
23,Jawa Barat,Jawa,2022,74.273,71.049,13.251,9.096,11947.201,8.01,4.573,70.927,0.402,86.824,94.177
23,Jawa Barat,Jawa,2023,75.801,71.451,13.279,9.298,13494.857,6.991,6.111,69.666,0.382,83.902,94.384
23,Jawa Barat,Jawa,2024,76.11,71.772,13.493,9.512,13341.759,7.155,4.593,63.155,0.373,88.514,95.981
23,Jawa Barat,Jawa,2025,77.117,72.023,13.371,9.568,14476.417,7.835,4.852,71.262,0.374,89.259,94.731
24,Jawa Tengah,Jawa,2021,72.578,70.442,12.691,8.67,11063.478,8.77,5.772,66.283,0.361,85.951,90.103
24,Jawa Tengah,Jawa,2022,73.282,70.131,12.912,8.594,11820.061,9.852,4.511,62.053,0.362,84.736,92.481
24,Jawa Tengah,Jawa,2023,74.245,70.828,12.744,8.992,12173.419,9.306,2.026,70.231,0.373,88.217,91.882
24,Jawa Tengah,Jawa,2024,74.511,70.359,13.011,8.946,12178.052,7.959,5.764,67.403,0.369,84.533,94.498
24,Jawa Tengah,Jawa,2025,76.146,70.494,12.989,8.862,13349.022,8.566,3.948,67.156,0.377,86.308,95.514
25,DI Yogyakarta,Jawa,2021,76.53,72.38,14.112,9.746,14746.954,6.178,3.228,67.576,0.393,92.559,98.154
25,DI Yogyakarta,Jawa,2022,77.455,72.925,14.1,10.11,14273.485,5.211,4.136,65.725,0.403,95.329,99.282
25,DI Yogyakarta,Jawa,2023,78.456,73.411,14.145,10.184,14790.471,5.26,3.7,68.293,0.404,95.507,99.069
25,DI Yogyakarta,Jawa,2024,79.541,73.55,13.937,10.013,15399.305,5.066,3.661,72.09,0.391,92.737,98.906
25,DI Yogyakarta,Jawa,2025,79.51,73.894,14.176,10.228,14638.844,3.564,3.514,64.649,0.403,97.594,99.5
26,Jawa Timur,Jawa,2021,73.675,70.465,12.944,8.645,12258.216,8.694,4.636,67.594,0.365,85.501,88.423
26,Jawa Timur,Jawa,2022,74.058,70.752,13.074,9.063,12482.658,8.243,5.771,71.73,0.384,88.697,95.494
26,Jawa Timur,Jawa,2023,75.448,70.731,13.351,8.981,13501.649,8.885,3.984,65.551,0.368,87.27,95.622
26,Jawa Timur,Jawa,2024,75.606,71.615,12.94,9.412,13128.313,7.67,4.154,70.639,0.38,91.976,91.836
26,Jawa Timur,Jawa,2025,76.538,71.146,13.408,9.077,14300.858,7.305,5.15,65.884,0.378,91.048,94.24
27,Bali,Bali dan Nusa Tenggara,2021,76.409,72.967,13.99,9.787,14689.977,4.833,4.762,68.047,0.407,94.22,98.754
27,Bali,Bali dan Nusa Tenggara,2022,77.061,72.868,14.012,9.995,13975.759,5.29,4.521,72.487,0.397,95.952,94.871
27,Bali,Bali dan Nusa Tenggara,2023,77.991,73.05,13.94,9.616,14985.308,5.607,3.68,71.994,0.369,93.377,99.5
27,Bali,Bali dan Nusa Tenggara,2024,79.05,73.033,13.927,9.965,15203.534,4.917,4.51,63.782,0.405,99.0,99.5
27,Bali,Bali dan Nusa Tenggara,2025,79.665,73.139,14.105,10.002,14913.443,3.523,3.918,68.273,0.387,96.795,99.138
28,Nusa Tenggara Barat,Bali dan Nusa Tenggara,2021,70.575,68.426,12.283,8.008,9652.096,10.523,4.717,66.094,0.363,76.19,86.423
28,Nusa Tenggara Barat,Bali dan Nusa Tenggara,2022,71.136,68.173,12.331,8.024,10494.054,10.49,5.64,67.385,0.368,79.763,86.45
28,Nusa Tenggara Barat,Bali dan Nusa Tenggara,2023,72.426,69.219,12.241,8.233,10882.924,11.412,4.536,71.427,0.369,75.171,86.547
28,Nusa Tenggara Barat,Bali dan Nusa Tenggara,2024,73.135,68.913,12.521,8.557,11056.144,11.195,5.842,67.359,0.36,80.962,89.567
28,Nusa Tenggara Barat,Bali dan Nusa Tenggara,2025,73.077,69.507,12.249,8.398,11373.208,8.96,3.313,66.505,0.386,79.027,89.887
29,Nusa Tenggara Timur,Bali dan Nusa Tenggara,2021,67.743,67.137,11.848,7.437,8899.023,13.643,6.068,61.496,0.353,70.83,82.896
29,Nusa Tenggara Timur,Bali dan Nusa Tenggara,2022,69.235,67.575,11.854,7.314,9206.732,12.984,5.272,70.15,0.342,70.867,81.13
29,Nusa Tenggara Timur,Bali dan Nusa Tenggara,2023,69.582,67.971,11.55,7.628,8463.533,12.336,5.544,65.554,0.334,72.664,85.384
29,Nusa Tenggara Timur,Bali dan Nusa Tenggara,2024,71.097,68.304,11.952,7.744,9995.043,11.756,4.078,70.129,0.358,76.35,85.033
29,Nusa Tenggara Timur,Bali dan Nusa Tenggara,2025,70.97,67.726,12.041,7.952,9557.834,11.706,4.657,69.087,0.344,74.096,86.983
30,Kalimantan Barat,Kalimantan,2021,71.139,68.792,12.301,8.326,10051.694,10.724,5.604,68.011,0.373,74.578,87.226
30,Kalimantan Barat,Kalimantan,2022,71.82,69.3,12.537,8.085,11305.801,10.872,5.505,66.158,0.364,81.861,87.977
30,Kalimantan Barat,Kalimantan,2023,72.578,69.495,12.255,8.334,11342.556,10.007,4.762,67.518,0.343,82.009,86.769
30,Kalimantan Barat,Kalimantan,2024,73.469,69.56,12.499,8.47,11663.788,10.488,4.213,67.189,0.352,78.677,91.026
30,Kalimantan Barat,Kalimantan,2025,73.661,69.579,12.657,8.358,11868.034,9.194,3.377,66.148,0.352,83.272,92.527
31,Kalimantan Tengah,Kalimantan,2021,72.77,70.139,12.708,8.564,11532.329,9.454,5.112,64.946,0.391,79.258,89.723
31,Kalimantan Tengah,Kalimantan,2022,73.615,69.964,13.001,8.482,11523.772,7.761,5.687,64.89,0.361,84.624,91.232
31,Kalimantan Tengah,Kalimantan,2023,74.503,70.577,13.025,8.719,12048.763,9.306,5.222,70.209,0.36,82.083,89.624
31,Kalimantan Tengah,Kalimantan,2024,74.686,70.551,12.762,8.863,12598.9,9.155,3.815,69.261,0.354,84.153,92.465
31,Kalimantan Tengah,Kalimantan,2025,75.416,70.547,13.031,8.842,12716.479,8.197,4.6,69.726,0.371,85.676,94.614
32,Kalimantan Selatan,Kalimantan,2021,73.752,70.466,13.116,8.828,11343.006,7.835,4.449,66.989,0.357,84.167,92.64
32,Kalimantan Selatan,Kalimantan,2022,74.017,71.007,12.836,9.096,12328.238,7.306,5.587,69.292,0.387,86.682,93.316
32,Kalimantan Selatan,Kalimantan,2023,75.119,71.256,13.177,9.024,12759.216,7.044,4.363,69.218,0.377,88.388,93.127
32,Kalimantan Selatan,Kalimantan,2024,76.084,71.337,13.527,9.025,13828.042,7.072,3.885,68.812,0.382,88.405,94.725
32,Kalimantan Selatan,Kalimantan,2025,77.425,72.304,13.351,9.424,13391.954,8.198,3.889,69.395,0.363,84.396,98.576
33,Kalimantan Timur,Kalimantan,2021,76.897,72.753,13.652,9.448,13895.525,6.032,5.086,68.872,0.404,92.563,97.367
33,Kalimantan Timur,Kalimantan,2022,77.736,72.483,13.898,9.708,14044.897,6.561,5.218,70.175,0.405,93.824,99.5
33,Kalimantan Timur,Kalimantan,2023,77.742,72.839,13.948,9.742,14347.898,4.631,4.654,67.719,0.393,95.329,98.286
33,Kalimantan Timur,Kalimantan,2024,78.888,73.125,14.005,10.191,14502.083,5.122,2.788,72.443,0.368,95.825,98.706
33,Kalimantan Timur,Kalimantan,2025,79.453,73.496,14.071,9.951,15341.348,4.938,2.991,65.276,0.399,98.062,99.5
34,Kalimantan Utara,Kalimantan,2021,72.27,70.341,13.3,8.615,11662.458,8.981,4.229,72.176,0.396,81.382,88.93
34,Kalimantan Utara,Kalimantan,2022,72.909,69.999,12.847,8.504,11529.131,9.718,4.582,65.871,0.355,85.159,89.119
34,Kalimantan Utara,Kalimantan,2023,74.01,70.673,12.968,8.831,12175.134,8.285,3.881,66.637,0.335,83.406,91.326
34,Kalimantan Utara,Kalimantan,2024,74.834,70.538,12.968,8.928,12939.624,8.644,5.091,66.323,0.373,86.023,91.946
34,Kalimantan Utara,Kalimantan,2025,74.99,70.376,13.056,8.981,12589.29,7.853,4.218,69.254,0.391,86.645,92.846
35,Sulawesi Utara,Sulawesi,2021,74.585,71.581,13.636,9.226,12229.923,7.735,3.687,65.979,0.401,86.216,92.365
35,Sulawesi Utara,Sulawesi,2022,75.83,71.461,13.175,9.253,12550.288,6.915,4.688,62.063,0.388,88.648,95.516
35,Sulawesi Utara,Sulawesi,2023,75.933,71.769,13.248,9.208,13377.896,7.153,4.322,71.818,0.376,90.256,95.585
35,Sulawesi Utara,Sulawesi,2024,76.955,71.968,13.188,9.364,14028.794,6.663,4.76,69.631,0.343,87.945,94.875
35,Sulawesi Utara,Sulawesi,2025,77.42,71.91,13.432,9.425,13710.074,5.367,5.675,71.917,0.39,91.586,95.299
36,Gorontalo,Sulawesi,2021,72.264,68.96,12.711,8.312,10421.955,10.044,4.747,66.071,0.347,79.793,86.481
36,Gorontalo,Sulawesi,2022,72.394,69.388,12.567,8.383,10904.247,10.174,5.08,73.402,0.348,78.734,88.072
36,Gorontalo,Sulawesi,2023,72.383,69.24,12.362,8.454,11145.568,10.021,3.418,65.337,0.374,82.791,87.076
36,Gorontalo,Sulawesi,2024,74.007,69.667,12.475,8.67,11942.069,8.116,5.265,66.271,0.357,81.695,91.78
36,Gorontalo,Sulawesi,2025,74.968,70.123,12.802,8.974,11905.496,8.677,4.722,69.182,0.361,83.2,94.154
37,Sulawesi Tengah,Sulawesi,2021,71.155,68.951,12.082,8.377,11159.065,9.788,5.583,66.608,0.364,77.634,87.743
37,Sulawesi Tengah,Sulawesi,2022,72.409,69.27,12.435,8.206,11412.365,9.698,5.431,64.378,0.337,78.907,88.922
37,Sulawesi Tengah,Sulawesi,2023,73.298,69.863,12.635,8.084,11488.304,9.014,4.048,71.948,0.375,79.084,88.861
37,Sulawesi Tengah,Sulawesi,2024,73.982,69.782,12.606,8.391,11810.854,10.006,3.767,62.459,0.385,81.057,90.817
37,Sulawesi Tengah,Sulawesi,2025,74.131,69.806,12.833,8.612,12195.76,9.786,3.83,68.27,0.372,86.15,90.607
38,Sulawesi Barat,Sulawesi,2021,69.679,67.951,12.208,7.836,9264.701,11.707,5.197,65.695,0.347,71.635,85.168
38,Sulawesi Barat,Sulawesi,2022,70.31,68.709,12.127,8.048,9616.605,11.847,5.759,69.032,0.352,74.346,88.329
38,Sulawesi Barat,Sulawesi,2023,71.206,68.282,12.163,8.074,10089.638,11.576,5.726,67.117,0.368,77.113,85.959
38,Sulawesi Barat,Sulawesi,2024,72.721,69.031,12.263,7.858,10161.01,10.04,4.691,67.167,0.361,80.612,85.185
38,Sulawesi Barat,Sulawesi,2025,72.354,68.769,12.365,8.269,10579.176,10.315,4.868,67.407,0.368,78.13,88.055
39,Sulawesi Selatan,Sulawesi,2021,73.295,71.086,13.249,8.999,12580.947,9.259,6.135,72.478,0.367,83.385,94.002
39,Sulawesi Selatan,Sulawesi,2022,74.327,70.42,13.081,9.182,12385.838,8.604,4.92,64.941,0.381,86.215,92.076
39,Sulawesi Selatan,Sulawesi,2023,74.728,71.628,13.063,8.825,13140.245,7.581,5.512,68.032,0.376,88.565,93.87
39,Sulawesi Selatan,Sulawesi,2024,76.144,71.673,13.114,9.313,13249.639,6.588,5.245,70.215,0.394,87.728,92.854
39,Sulawesi Selatan,Sulawesi,2025,78.126,71.245,13.181,9.413,13298.592,7.497,2.858,64.058,0.369,91.146,95.251
40,Sulawesi Tenggara,Sulawesi,2021,72.978,69.921,12.828,8.464,10989.206,8.773,4.285,72.904,0.355,80.238,92.052
40,Sulawesi Tenggara,Sulawesi,2022,73.034,70.376,12.509,8.554,11978.652,8.181,4.96,68.082,0.363,82.647,91.853
40,Sulawesi Tenggara,Sulawesi,2023,74.078,70.694,13.016,9.03,11950.563,8.999,3.648,69.535,0.361,85.622,91.175
40,Sulawesi Tenggara,Sulawesi,2024,74.83,70.667,12.838,8.799,12180.188,8.272,4.952,67.008,0.363,87.219,93.418
40,Sulawesi Tenggara,Sulawesi,2025,75.632,71.534,12.841,9.239,12785.365,8.893,3.916,70.877,0.358,88.362,93.565
41,Maluku,Maluku,2021,71.254,68.85,12.461,8.04,10369.397,10.743,4.642,66.338,0.347,77.721,89.35
41,Maluku,Maluku,2022,72.829,68.945,12.334,8.308,10970.439,9.819,2.918,68.219,0.378,82.018,87.973
41,Maluku,Maluku,2023,73.052,69.346,12.289,8.339,11458.572,10.373,4.283,67.713,0.366,80.66,89.242
41,Maluku,Maluku,2024,73.448,69.918,12.569,8.436,11522.847,10.35,3.027,70.447,0.382,81.639,90.511
41,Maluku,Maluku,2025,73.802,70.0,12.472,8.586,11899.489,9.225,3.399,66.725,0.355,82.143,88.744
42,Maluku Utara,Maluku,2021,72.131,69.417,12.665,8.135,10792.436,11.153,4.305,68.495,0.391,79.983,90.847
42,Maluku Utara,Maluku,2022,72.139,69.554,12.64,8.398,11417.228,8.83,3.938,71.05,0.367,82.156,91.908
42,Maluku Utara,Maluku,2023,72.598,69.002,12.964,8.373,11623.525,8.615,2.385,67.561,0.371,80.709,86.358
42,Maluku Utara,Maluku,2024,74.213,70.662,12.487,8.791,11987.727,8.174,5.385,68.195,0.364,86.103,91.011
42,Maluku Utara,Maluku,2025,75.402,71.079,12.829,8.843,11994.167,9.913,3.184,66.498,0.365,84.435,90.73
43,Papua Barat,Papua,2021,70.451,68.407,11.877,8.114,10605.711,11.265,6.522,66.066,0.346,74.156,88.256
43,Papua Barat,Papua,2022,71.447,68.909,12.098,8.16,9919.871,11.675,4.609,65.976,0.352,73.054,83.967
43,Papua Barat,Papua,2023,71.64,68.578,12.423,8.316,10054.084,10.095,4.747,72.261,0.349,79.388,84.912
43,Papua Barat,Papua,2024,72.133,69.242,12.311,8.313,10937.245,10.68,4.65,70.775,0.357,81.275,87.763
43,Papua Barat,Papua,2025,73.326,68.97,12.081,8.272,11222.638,10.093,4.956,65.308,0.341,77.771,89.92
44,Papua Barat Daya,Papua,2021,69.351,68.238,11.881,7.692,9722.35,12.561,4.331,63.504,0.355,75.163,84.339
44,Papua Barat Daya,Papua,2022,70.958,67.912,12.015,7.918,9715.635,11.804,5.082,66.476,0.384,74.055,85.385
44,Papua Barat Daya,Papua,2023,71.463,68.4,12.208,8.146,10397.517,11.747,4.54,66.445,0.378,78.188,88.031
44,Papua Barat Daya,Papua,2024,71.807,68.761,12.413,8.132,10188.174,10.464,4.621,71.036,0.362,76.927,87.365
44,Papua Barat Daya,Papua,2025,72.897,68.527,12.285,8.167,10873.013,10.172,4.826,66.097,0.346,83.372,87.638
45,Papua Selatan,Papua,2021,66.727,67.096,11.702,7.015,8074.65,13.901,5.225,63.062,0.33,73.134,79.876
45,Papua Selatan,Papua,2022,67.858,67.16,11.467,7.158,8156.631,14.023,5.563,69.305,0.338,72.646,81.81
45,Papua Selatan,Papua,2023,68.656,67.264,11.64,7.4,8558.826,13.343,5.004,68.337,0.358,72.91,83.506
45,Papua Selatan,Papua,2024,70.111,67.697,11.58,7.284,9180.159,14.011,3.855,64.122,0.344,71.347,84.681
45,Papua Selatan,Papua,2025,70.503,67.781,11.734,7.62,9013.198,12.42,3.019,64.599,0.337,74.346,82.269
46,Papua,Papua,2021,68.383,67.345,11.437,6.994,7915.654,13.844,4.426,65.904,0.352,70.649,82.603
46,Papua,Papua,2022,67.958,67.378,11.744,7.513,9066.691,12.597,3.147,67.558,0.364,69.536,81.136
46,Papua,Papua,2023,69.345,67.706,11.801,7.294,8927.355,12.727,5.664,68.545,0.335,70.668,83.548
46,Papua,Papua,2024,69.991,67.353,11.674,7.662,9257.971,12.696,4.255,68.155,0.339,74.022,84.177
46,Papua,Papua,2025,70.724,67.534,11.781,7.626,10036.626,11.961,5.436,69.696,0.353,76.195,84.354
47,Papua Tengah,Papua,2021,67.064,66.626,11.153,7.006,7566.215,13.265,5.655,67.632,0.334,68.99,81.026
47,Papua Tengah,Papua,2022,67.731,66.547,11.549,7.423,7578.918,14.532,4.452,68.695,0.354,68.38,80.346
47,Papua Tengah,Papua,2023,68.491,66.935,11.47,7.431,8050.968,13.498,5.886,65.881,0.339,69.796,83.227
47,Papua Tengah,Papua,2024,69.578,66.702,11.379,7.298,8851.67,14.044,4.995,69.904,0.364,69.864,82.858
47,Papua Tengah,Papua,2025,70.513,67.371,11.652,7.392,9008.851,13.327,5.803,63.993,0.34,76.42,83.122
48,Papua Pegunungan,Papua,2021,66.571,66.493,11.388,6.928,7677.903,15.673,4.911,63.148,0.354,69.554,78.076
48,Papua Pegunungan,Papua,2022,67.659,66.566,11.337,7.071,8707.865,14.918,6.115,67.906,0.333,67.652,80.149
48,Papua Pegunungan,Papua,2023,67.766,66.822,11.579,7.142,8079.145,13.703,6.827,65.147,0.326,66.516,80.458
48,Papua Pegunungan,Papua,2024,69.404,67.239,11.546,7.146,8955.237,13.762,5.744,72.075,0.338,67.984,84.848
48,Papua Pegunungan,Papua,2025,69.659,67.014,11.263,7.472,9342.388,13.745,5.999,65.693,0.357,73.505,85.466
