kode,provinsi,pulau,alias
11,Aceh,Sumatera,
12,Sumatera Utara,Sumatera,
13,Sumatera Barat,Sumatera,
14,Riau,Sumatera,
15,Jambi,Sumatera,
16,Sumatera Selatan,Sumatera,
17,Bengkulu,Sumatera,
18,Lampung,Sumatera,
19,Kepulauan Bangka Belitung,Sumatera,
20,Kepulauan Riau,Sumatera,
21,DKI Jakarta,Jawa,
22,Banten,Jawa,
23,Jawa Barat,Jawa,
24,Jawa Tengah,Jawa,
25,DI Yogyakarta,Jawa,
26,Jawa Timur,Jawa,
27,Bali,Bali dan Nusa Tenggara,
28,Nusa Tenggara Barat,Bali dan Nusa Tenggara,
29,Nusa Tenggara Timur,Bali dan Nusa Tenggara,
30,Kalimantan Barat,Kalimantan,
31,Kalimantan Tengah,Kalimantan,
32,Kalimantan Selatan,Kalimantan,
33,Kalimantan Timur,Kalimantan,
34,Kalimantan Utara,Kalimantan,
35,Sulawesi Utara,Sulawesi,
36,Gorontalo,Sulawesi,
37,Sulawesi Tengah,Sulawesi,
38,Sulawesi Barat,Sulawesi,
39,Sulawesi Selatan,Sulawesi,
40,Sulawesi Tenggara,Sulawesi,
41,Maluku,Maluku,
42,Maluku Utara,Maluku,
43,Papua Barat,Papua,
44,Papua Barat Daya,Papua,
45,Papua Selatan,Papua,
46,Papua,Papua,
47,Papua Tengah,Papua,
48,Papua Pegunungan,Papua,
